CREATE DATABASE sistema;
CREATE TABLE sistema.tecnico(id_tecnico INT(10), fecha_ingreso DATE, fecha_retiro DATE, nombre_tecnico VARCHAR(50), apellido_tecnico VARCHAR(50), telefono_tecnico VARCHAR(15), otros_detalles VARCHAR(50));
CREATE TABLE sistema.equipo(id_equipo INT(10), tipo_equipo VARCHAR(50), marca VARCHAR(50), modelo VARCHAR(50), descripcion VARCHAR(50), otros VARCHAR(50));
CREATE TABLE sistema.problema(id_problema INT(10), id_equipo INT(10), id_usuario INT(10), descripcion_problema VARCHAR(50), fecha_reporte_problema DATE);
CREATE TABLE sistema.usuario(id_usuario INT(10), nombre_usuario VARCHAR(50), apellido_usuario VARCHAR(50), telefono_usuario VARCHAR(15), correo_usuario VARCHAR(50), direccion VARCHAR(50), otros_datos VARCHAR(50));
CREATE TABLE sistema.historicoproblema(id_historicoproblema INT(10), id_nivelprioridad INT(10), id_problema INT(10), fecha_solucion DATE, id_tecnico_asignado INT(10), id_estado INT(10));
CREATE TABLE sistema.estado(id_estado INT(10), descripcion_estado VARCHAR(50));
CREATE TABLE sistema.nivelprioridad(id_nivelprioridad INT(10), id_descripcion_nivelprioridad VARCHAR(50));
CREATE TABLE sistema.solucion(id_solucion INT(10), id_historicoproblema INT(10), descripcion_solucion VARCHAR(50));

INSERT INTO sistema.tecnico VALUES (11, '2015-01-01', '2018-02-02', 'Alberto', 'Niño', '5301520', 'casado');
INSERT INTO sistema.tecnico VALUES (12, '2015-02-15', '2018-03-15', 'Bernardo', 'Mateus', '6214589', 'soltero');
INSERT INTO sistema.tecnico VALUES (13, '2015-06-20', '2018-04-09', 'Camilo', 'Castro', '7895398', 'soltero');
INSERT INTO sistema.tecnico VALUES (14, '2016-01-03', '2019-01-01', 'Daniel', 'Giraldo', '2354758', 'casado');
INSERT INTO sistema.tecnico VALUES (15, '2016-08-04', '2019-07-30', 'Esteban', 'Huerta', '8704562', 'divorciado');
INSERT INTO sistema.tecnico VALUES (16, '2016-09-07', '2017-08-01', 'Fabio', 'Pombo', '2013026', 'soltero');
INSERT INTO sistema.tecnico VALUES (17, '2017-03-02', '2017-09-09', 'Gerardo', 'Lenin', '7845622', 'divorciado');
INSERT INTO sistema.tecnico VALUES (18, '2017-06-29', '2018-10-10', 'Hamilton', 'Roldán', '3312987', 'soltero');
INSERT INTO sistema.tecnico VALUES (19, '2018-02-01', '2020-05-30', 'Idalio', 'Marín', '9154763', 'casado');

INSERT INTO sistema.equipo VALUES (21, 'Desktop', 'Lenovo', 'L-991', 'Economico', 'en ofi1');
INSERT INTO sistema.equipo VALUES (22, 'Laptop', 'Dell', 'D-823', 'Costoso', 'en ofi3');
INSERT INTO sistema.equipo VALUES (23, 'Laptop', 'Lenovo', 'L-991', 'Economico', 'en ofi4');
INSERT INTO sistema.equipo VALUES (24, 'Desktop', 'Compaq', 'Q-453', 'En uso', 'en ofi2');
INSERT INTO sistema.equipo VALUES (25, 'Laptop', 'Dell', 'D-824', 'Costoso', 'en ofiger');

INSERT INTO sistema.problema VALUES (31, 21, 443, 'Periférico malo', '2019-11-14');
INSERT INTO sistema.problema VALUES (32, 22, 41, 'No prende', '2018-02-04');
INSERT INTO sistema.problema VALUES (33, 23, 49, 'Se apaga', '2017-08-04');
INSERT INTO sistema.problema VALUES (34, 23, 442, 'Periférico malo', '2016-10-17');
INSERT INTO sistema.problema VALUES (35, 21, 442, 'No prende', '2017-04-30');
INSERT INTO sistema.problema VALUES (36, 22, 48, 'Se apaga', '2016-02-07');
INSERT INTO sistema.problema VALUES (37, 24, 47, 'Periférico malo', '2018-01-10');
INSERT INTO sistema.problema VALUES (38, 21, 46, 'No prende', '2015-04-16');
INSERT INTO sistema.problema VALUES (39, 21, 45, 'Se apaga', '2016-12-03');
INSERT INTO sistema.problema VALUES (331, 22, 441, 'Periférico malo', '2018-10-02');
INSERT INTO sistema.problema VALUES (332, 25, 442, 'No prende', '2018-12-01');
INSERT INTO sistema.problema VALUES (333, 23, 441, 'Se apaga', '2018-04-06');
INSERT INTO sistema.problema VALUES (334, 24, 45, 'Periférico malo', '2018-08-03');
INSERT INTO sistema.problema VALUES (335, 21, 43, 'No prende', '2017-03-18');
INSERT INTO sistema.problema VALUES (336, 22, 42, 'Se apaga', '2016-11-23');
INSERT INTO sistema.problema VALUES (337, 21, 42, 'Periférico malo', '2019-07-23');
INSERT INTO sistema.problema VALUES (338, 22, 41, 'No prende', '2016-01-29');
INSERT INTO sistema.problema VALUES (339, 25, 49, 'Se apaga', '2015-10-28');
INSERT INTO sistema.problema VALUES (3331, 22, 443, 'Se apaga', '2015-02-26');

INSERT INTO sistema.usuario VALUES (41, 'Alejandro', 'Galindo', '2514796', 'androindo@mail.com', 'Av. 123', 'Alejo');
INSERT INTO sistema.usuario VALUES (42, 'Berenice', 'Bermudez', '3154795', 'eniceudez@mail.com', 'Cll. Siempreviva', 'Bere');
INSERT INTO sistema.usuario VALUES (43, 'Camila', 'Franco', '3794794', 'amilaanco@mail.com', 'Av. Ferrocarril', 'Cami');
INSERT INTO sistema.usuario VALUES (44, 'Dilan', 'Eastman', '4434793', 'dilantman@mail.com', 'Cll. Colombia', 'Dili');
INSERT INTO sistema.usuario VALUES (45, 'Estefania', 'Nunez', '5074792', 'faniaunez@mail.com', 'Dg. 55', 'Estefi');
INSERT INTO sistema.usuario VALUES (46, 'Fernando', 'Grisales', '5714791', 'nandoales@mail.com', 'Cra. 89', 'Fercho');
INSERT INTO sistema.usuario VALUES (47, 'Gustavo', 'Taborda', '6354790', 'stavoorda@mail.com', 'Cll.10', 'Tavo');
INSERT INTO sistema.usuario VALUES (48, 'Hilda', 'Jaramillo', '6994789', 'hildaillo@mail.com', 'Cilar. 300', 'Hil');
INSERT INTO sistema.usuario VALUES (49, 'Ignacio', 'Rodriguez', '7634788', 'nacioguez@mail.com', 'Cll. Godoy', 'Nacho');
INSERT INTO sistema.usuario VALUES (441, 'Javier', 'Gil', '8274787', 'aviergil@mail.com', 'Av. Neil', 'Chavo');
INSERT INTO sistema.usuario VALUES (442, 'Kevin', 'Rua', '8914786', 'kevinrua@mail.com', 'Cll. Arrastaria', 'Kev');
INSERT INTO sistema.usuario VALUES (443, 'Lucrecia', 'Aristizabal', '9554785', 'reciaabal@mail.com', 'Av. Bobi', 'Lucre');

INSERT INTO sistema.historicoproblema VALUES (51, 72, 31, '2019-11-17', 19, 62);
INSERT INTO sistema.historicoproblema VALUES (52, 72, 32, '2018-02-07', 18, 63);
INSERT INTO sistema.historicoproblema VALUES (53, 73, 33, '2017-08-07', 17, 63);
INSERT INTO sistema.historicoproblema VALUES (54, 72, 34, '2016-10-20', 16, 61);
INSERT INTO sistema.historicoproblema VALUES (55, 73, 35, '2017-05-03', 15, 63);
INSERT INTO sistema.historicoproblema VALUES (56, 73, 36, '2016-02-10', 14, 63);
INSERT INTO sistema.historicoproblema VALUES (57, 73, 37, '2018-01-13', 13, 61);
INSERT INTO sistema.historicoproblema VALUES (58, 71, 38, '2015-04-19', 12, 61);
INSERT INTO sistema.historicoproblema VALUES (59, 72, 39, '2016-12-06', 11, 62);
INSERT INTO sistema.historicoproblema VALUES (551, 71, 331, '2018-10-05', 19, 61);
INSERT INTO sistema.historicoproblema VALUES (552, 72, 332, '2018-12-04', 19, 63);
INSERT INTO sistema.historicoproblema VALUES (553, 73, 333, '2018-04-09', 18, 63);
INSERT INTO sistema.historicoproblema VALUES (554, 71, 334, '2018-08-06', 18, 61);
INSERT INTO sistema.historicoproblema VALUES (555, 73, 335, '2017-03-21', 16, 62);
INSERT INTO sistema.historicoproblema VALUES (556, 72, 336, '2016-11-26', 16, 61);
INSERT INTO sistema.historicoproblema VALUES (557, 72, 337, '2019-07-26', 15, 62);
INSERT INTO sistema.historicoproblema VALUES (558, 71, 338, '2016-02-01', 14, 61);
INSERT INTO sistema.historicoproblema VALUES (559, 71, 339, '2015-10-31', 12, 61);
INSERT INTO sistema.historicoproblema VALUES (5551, 73, 3331, '2015-03-01', 11, 61);

INSERT INTO sistema.estado VALUES (61, 'Bueno');
INSERT INTO sistema.estado VALUES (62, 'Malo');
INSERT INTO sistema.estado VALUES (63, 'En revisión');

INSERT INTO sistema.nivelprioridad VALUES (71, 'Baja');
INSERT INTO sistema.nivelprioridad VALUES (72, 'Media');
INSERT INTO sistema.nivelprioridad VALUES (73, 'Alta');

INSERT INTO sistema.solucion VALUES (81, 51, 'Ok-81');
INSERT INTO sistema.solucion VALUES (82, 52, 'Ok-82');
INSERT INTO sistema.solucion VALUES (83, 53, 'Ok-83');
INSERT INTO sistema.solucion VALUES (84, 54, 'Ok-84');
INSERT INTO sistema.solucion VALUES (85, 55, 'Ok-85');
INSERT INTO sistema.solucion VALUES (86, 56, 'Ok-86');
INSERT INTO sistema.solucion VALUES (87, 57, 'Ok-87');
INSERT INTO sistema.solucion VALUES (88, 58, 'Ok-88');
INSERT INTO sistema.solucion VALUES (89, 59, 'Ok-89');
INSERT INTO sistema.solucion VALUES (881, 551, 'Ok-881');
INSERT INTO sistema.solucion VALUES (882, 552, 'Ok-882');
INSERT INTO sistema.solucion VALUES (883, 553, 'Ok-883');
INSERT INTO sistema.solucion VALUES (884, 554, 'Ok-884');
INSERT INTO sistema.solucion VALUES (885, 555, 'Ok-885');
INSERT INTO sistema.solucion VALUES (886, 556, 'Ok-886');
INSERT INTO sistema.solucion VALUES (887, 557, 'Ok-887');
INSERT INTO sistema.solucion VALUES (888, 558, 'Ok-888');
INSERT INTO sistema.solucion VALUES (889, 559, 'Ok-889');
INSERT INTO sistema.solucion VALUES (8881, 5551, 'Ok-8881');
